{"graph": {"_type": "graph-file", "path": "media/graph/graph_summary_2a6d5326.graph.json", "sha256": "2a6d53264a4b6b52f5f10f24ef9eb2a817427044c99831f38d96a95ba8b687c8", "size": 3833}, "epoch": 9, "loss": 2.2259926795959473, "accuracy": 0.18255555629730225, "val_loss": 2.1449995040893555, "val_accuracy": 0.20520520210266113, "_runtime": 1451, "_timestamp": 1617029207, "_step": 9, "best_val_loss": 2.1449995040893555, "best_epoch": 9}