{"graph": {"_type": "graph-file", "path": "media/graph/graph_summary_2a6d5326.graph.json", "sha256": "2a6d53264a4b6b52f5f10f24ef9eb2a817427044c99831f38d96a95ba8b687c8", "size": 3833}, "epoch": 0, "loss": 2.303595781326294, "accuracy": 0.11833333224058151, "val_loss": 2.2651255130767822, "val_accuracy": 0.15315315127372742, "_runtime": 145, "_timestamp": 1617027901, "_step": 0, "best_val_loss": 2.2651255130767822, "best_epoch": 0}