{"test_loss": 2.3195319175720215, "test_accuracy": 0.38199999928474426, "_runtime": 35, "_timestamp": 1618090841, "_step": 0}